id,x,y
0,664.436279296875,587.3683471679688
1,480.3028869628906,821.0463256835938
2,900.2467041015625,569.1376342773438
3,308.2372131347656,18.005170822143555
4,279.1601867675781,541.9398193359375
5,859.9944458007812,892.5739135742188
6,264.8941955566406,743.5260620117188
7,887.1056518554688,720.2315063476562
8,900.6431274414062,11.66083812713623
9,650.1739501953125,375.97509765625
