id,x,y
0,540.140380859375,839.9723510742188
1,612.0580444335938,43.248714447021484
2,848.4572143554688,988.366455078125
3,325.5546569824219,261.3654479980469
4,626.517578125,110.17652893066406
5,426.51025390625,23.771589279174805
6,592.8772583007812,294.3228454589844
7,278.5653991699219,343.2492370605469
8,124.1809310913086,549.7109375
9,446.80908203125,621.9979248046875
