id,x,y
0,779.9254150390625,28.5531005859375
1,560.4464721679688,827.5242309570312
2,64.64396667480469,62.063629150390625
3,985.3043212890625,289.6164245605469
4,328.5191650390625,567.7468872070312
5,138.50408935546875,434.1143493652344
6,902.3837890625,950.641845703125
7,113.39421844482422,828.8798828125
8,905.0616455078125,521.8320922851562
9,39.20220184326172,134.25518798828125
