id,x,y
0,691.2581787109375,72.7848892211914
1,937.0846557617188,86.19285583496094
2,841.8999633789062,54.53761672973633
3,246.23988342285156,758.6821899414062
4,271.8099365234375,628.9425048828125
5,54.149688720703125,577.8233032226562
6,999.4442749023438,790.751220703125
7,126.12035369873047,410.992431640625
8,156.47950744628906,344.11993408203125
9,624.1585083007812,376.80816650390625
