id,x,y
0,600.501708984375,453.82867431640625
1,63.7725715637207,886.1409301757812
2,229.0279541015625,906.9981079101562
3,182.04168701171875,176.7965087890625
4,204.07810974121094,686.0791625976562
5,649.37646484375,325.608642578125
6,626.4093017578125,544.6597900390625
7,518.4655151367188,560.8232421875
8,757.9505004882812,191.22418212890625
9,494.74981689453125,131.6820068359375
