id,x,y
0,565.99609375,532.6893920898438
1,18.069461822509766,934.667724609375
2,450.1825866699219,786.8111572265625
3,664.5012817382812,649.210205078125
4,631.5707397460938,670.286865234375
5,636.7059326171875,562.1570434570312
6,328.1800231933594,649.9352416992188
7,272.28753662109375,125.68254089355469
8,588.060546875,5.302306652069092
9,851.9798583984375,236.3512725830078
