id,x,y
0,199.12344360351562,279.81146240234375
1,328.9591369628906,338.3252868652344
2,936.731201171875,962.1158447265625
3,452.2102966308594,238.6201934814453
4,300.6443786621094,34.72099685668945
5,74.09500885009766,825.8640747070312
6,952.498291015625,729.4899291992188
7,206.43162536621094,87.57620239257812
8,786.2415161132812,731.1051635742188
9,390.65325927734375,531.5234375
