id,x,y
0,608.9539794921875,505.8900146484375
1,682.9866943359375,327.0391845703125
2,197.998046875,336.1009521484375
3,357.85443115234375,852.7147216796875
4,316.44024658203125,671.8369750976562
5,586.4365844726562,496.83038330078125
6,571.0178833007812,660.24169921875
7,659.8125610351562,198.77256774902344
8,984.4868774414062,955.84033203125
9,222.52516174316406,22.973339080810547
