id,x,y
0,505.6761474609375,330.6170959472656
1,58.5268440246582,265.0093078613281
2,996.0863037109375,587.4322509765625
3,64.43920135498047,220.8378448486328
4,846.2872314453125,534.3010864257812
5,69.07740783691406,253.92481994628906
6,214.79531860351562,520.4864501953125
7,926.738037109375,723.2413330078125
8,398.9627990722656,230.53244018554688
9,293.6344299316406,685.2396850585938
