id,x,y
0,306.10791015625,10.701395034790039
1,412.26544189453125,635.4906616210938
2,532.2271728515625,799.6389770507812
3,584.5421752929688,65.76024627685547
4,386.4123229980469,677.4343872070312
5,625.4603881835938,166.76634216308594
6,924.0313720703125,159.5806884765625
7,374.4741516113281,956.7966918945312
8,805.5906372070312,842.0565795898438
9,102.76573181152344,453.2970275878906
